<?xml version="1.0" encoding="utf-8"?>
<!DOCTYPE urlrewrite PUBLIC "-//tuckey.org//DTD UrlRewrite 4.0//EN" "http://www.tuckey.org/res/dtds/urlrewrite4.0.dtd">
<urlrewrite>
    <rule>
        <note>
            All request to *.html or ending in / will be rewritten to /index.cfm
        </note>
        <from>^(/((.*?)(\.html|/))?)$</from>
        <to>%{context-path}/index.cfm</to>
    </rule>

    <rule>
        <note>
            Disable Railo Context except for local requests
        </note>
        <condition type="remote-addr" operator="notequal">^(127\.0\.0\.1|0:0:0:0:0:0:0:1)$</condition>
        <from>^/railo-context/.*$</from>
        <set type="status">404</set>
        <to>null</to>
    </rule>

     <rule>
        <note>
            All the following requests should not be allowed and should return with a 404
            We block any request to:

            * the application folder (where all the logic and views for your site lives)
            * the content folder (should be configured to be somewhere else anyways)
            * this url rewrite file!
        </note>
        <from>^/(.application/|.content/|urlrewrite\.xml\b)</from>
        <set type="status">404</set>
        <to>null</to>
    </rule>


</urlrewrite>